4.43048,-8.84116,1
6.58201,-8.24039,1
8.33421,-7.00621,1
8.78798,-4.42901,1
2.77836,-8.13919,1
4.67325,-8.61307,1
8.05932,-2.98449,1
1.38049,-6.12514,1
2.32986,-2.10949,1
8.69134,-4.67668,1
7.01269,-1.76789,1
4.55283,-8.64359,1
4.74702,-8.85551,1
6.05031,-8.52011,1
1.36631,-4.42769,1
7.73251,-7.71201,1
6.32353,-8.3615,1
4.75083,-8.82686,1
8.37705,-6.89666,1
3.42372,-1.53315,1
5.88032,-1.47892,1
3.98069,-8.5937,1
7.78613,-2.58416,1
6.61524,-1.64612,1
3.54939,-1.44646,1
1.2772,-6.1658,1
3.35144,-8.39083,1
7.2998,-8.25457,1
1.43394,-3.75118,1
1.89999,-2.87765,1
6.125,-1.17361,1
8.31253,-3.34668,1
8.71753,-4.43727,1
8.0191,-7.06984,1
6.93464,-1.54489,1
7.92892,-2.61056,1
3.32288,-8.32596,1
5.05163,-1.23813,1
6.77001,-8.46226,1
6.74383,-8.3719,1
6.6472,-8.53561,1
7.56861,-2.42212,1
6.94519,-8.25371,1
1.42479,-5.6238,1
2.5713,-8.09546,1
5.80421,-8.57431,1
1.90762,-2.67433,1
2.52645,-1.88902,1
3.20523,-1.64494,1
1.47726,-3.67663,1
8.23829,-2.9971,1
6.94089,-8.47501,1
8.61795,-6.10709,1
6.09932,-8.68937,1
6.29545,-8.36739,1
1.59722,-3.47068,1
8.85271,-4.42093,1
1.45441,-3.67531,1
2.70304,-1.99287,1
1.23875,-4.34672,1
2.01756,-2.8718,1
7.50292,-2.36456,1
8.29588,-3.17075,1
3.06205,-8.06659,1
8.74562,-4.39651,1
7.31981,-7.91335,1
8.3899,-6.87741,1
4.24338,-1.4742,1
7.36597,-8.09319,1
1.79075,-6.89353,1
6.00555,-8.7484,1
5.39386,-1.4211,1
2.57228,-7.73052,1
1.11783,-4.59599,1
3.23007,-8.28088,1
1.25354,-3.72752,1
1.8605,-2.654,1
2.24529,-7.37139,1
8.55368,-6.26401,1
6.80381,-8.28276,1
3.7465,-8.65743,1
1.18444,-5.03424,1
6.52908,-1.71922,1
4.5652,-8.69457,1
5.85847,-8.71602,1
1.43678,-4.05134,1
6.99946,-8.05181,1
1.7598,-7.06578,1
8.33089,-6.74023,1
2.19865,-7.34794,1
7.16927,-1.99721,1
1.79646,-6.97124,1
2.96629,-1.64233,1
6.93282,-8.07631,1
1.33917,-4.55344,1
7.10084,-8.14365,1
1.75791,-6.88604,1
6.57485,-8.51259,1
2.88735,-8.31542,1
1.43822,-3.8621,1
1.46962,-4.13503,1
1.15211,-4.41374,1
2.76646,-8.06836,1
3.44472,-8.52545,1
8.77315,-5.73644,1
1.90545,-7.02869,1
6.5529,-1.4209,1
4.6694,-1.40602,1
6.96508,-1.89732,1
1.50104,-3.94432,1
3.76602,-8.57735,1
8.52085,-6.10162,1
7.65589,-7.50338,1
1.47821,-3.65418,1
6.57533,-8.45043,1
4.88933,-8.9611,1
6.92988,-1.58248,1
2.99779,-8.19239,1
1.34432,-5.95473,1
3.03823,-8.39152,1
7.99412,-2.83541,1
1.33244,-5.63421,1
4.65277,-8.95316,1
8.39344,-3.46161,1
8.5543,-3.84799,1
6.86181,-1.57965,1
8.69708,-4.24041,1
4.78984,-1.15474,1
7.482,-2.00146,1
1.21487,-5.74129,1
1.23158,-4.86668,1
2.65317,-8.13065,1
8.26946,-7.21502,1
3.329,-1.41797,1
8.20761,-6.77694,1
8.95599,-4.75493,1
4.53423,-1.26571,1
5.35772,-8.87771,1
2.0154,-7.17927,1
2.03443,-7.31117,1
1.39434,-5.32628,1
8.07337,-6.92767,1
6.02217,-1.31433,1
1.16785,-3.89241,1
7.49913,-2.14315,1
4.10108,-1.19123,1
8.64372,-5.00433,1
4.10397,-8.50502,1
6.74137,-1.72199,1
3.89453,-8.55559,1
1.05117,-5.04424,1
1.43588,-3.18679,1
1.20488,-5.53577,1
6.95032,-1.92673,1
7.28543,-1.82641,1
3.46799,-1.5345,1
5.5838,-1.0494,1
6.10646,-8.77261,1
6.88281,-8.52863,1
5.80084,-1.23234,1
8.00745,-2.78568,1
5.15017,-1.02644,1
8.61764,-3.37368,1
1.84739,-6.86186,1
8.74931,-6.39376,1
4.71844,-1.21107,1
4.06013,-1.45886,1
6.15121,-8.54833,1
7.53054,-2.15543,1
5.39198,-8.9109,1
2.4717,-2.16524,1
8.87366,-4.4686,1
8.33182,-7.03847,1
8.04097,-7.42358,1
3.76264,-1.39021,1
2.67067,-2.03228,1
1.43204,-3.6879,1
3.62506,-1.57061,1
1.26211,-3.66729,1
3.89548,-8.63319,1
1.44759,-6.39561,1
3.96069,-8.68836,1
5.44576,-1.17462,1
5.30248,-1.13663,1
8.63037,-5.34226,1
6.21356,-8.76447,1
1.36106,-4.63589,1
2.03348,-7.30176,1
5.19922,-8.68667,1
5.66376,-1.17433,1
1.39679,-4.18281,1
4.10964,-1.21171,1
1.93875,-7.46226,1
8.63803,-4.5906,1
3.35708,-1.51614,1
1.4987,-3.34026,1
1.17118,-3.98634,1
8.46054,-3.71048,1
8.43182,-6.47938,1
1.0854,-5.65158,1
4.31673,-8.67817,1
6.37774,-1.3544,1
8.77611,-3.93255,1
2.58357,-1.90895,1
7.22935,-8.2969,1
7.83391,-7.48448,1
8.6138,-3.83334,1
7.07693,-2.04418,1
6.9528,-8.26152,1
6.62904,-1.75906,1
8.85697,-4.94207,1
2.59655,-7.81928,1
8.48749,-6.7921,1
7.86915,-7.18329,1
7.54291,-2.36126,1
7.64857,-2.42734,1
2.38457,-2.46759,1
3.39183,-1.53137,1
6.20025,-8.47285,1
4.88458,-8.79164,1
1.24973,-3.7109,1
4.48807,-8.95226,1
5.0031,-8.94153,1
5.14444,-1.40041,1
7.92702,-2.53276,1
1.91572,-2.50608,1
8.23188,-6.75951,1
8.94883,-4.99983,1
8.75794,-5.3429,1
2.10658,-2.63899,1
8.14713,-7.22464,1
4.09874,-8.53151,1
4.39242,-8.62631,1
2.9502,-8.0432,1
8.60559,-5.82995,1
6.89082,-1.92453,1
6.37107,-1.39376,1
5.84986,-1.40818,1
1.53438,-3.6352,1
8.83507,-4.96306,1
4.32482,-8.768,1
2.05729,-7.16455,1
1.51991,-6.87187,1
4.89075,-1.10138,1
4.57234,-8.73111,1
1.6972,-3.09729,1
7.81612,-2.49498,1
8.87359,-5.60355,1
8.24304,-3.18604,1
8.21045,-6.99188,1
4.22435,-1.2805,1
7.02221,-1.78244,1
7.48057,-2.0137,1
4.10349,-8.59548,1
5.60524,-8.72498,1
8.51049,-4.18731,1
8.61945,-4.89341,1
7.72585,-7.67148,1
1.29915,-5.15562,1
1.55994,-6.11748,1
8.39347,-2.99942,1
7.45594,-8.0702,1
4.09965,-1.24611,1
5.21159,-8.76602,1
2.69316,-8.00738,1
1.71695,-7.14779,1
2.91496,-8.21929,1
5.11733,-1.04242,1
7.96604,-2.70155,1
1.14585,-5.75679,1
1.15543,-4.63345,1
6.66713,-1.62135,1
6.08885,-8.7664,1
7.45486,-2.10955,1
8.86409,-5.19987,1
8.86365,-4.71106,1
8.39537,-2.98688,1
3.31382,-8.54778,1
3.55128,-1.56872,1
1.76122,-7.21821,1
8.76798,-4.58309,1
1.70366,-6.54305,1
6.27681,-1.62496,1
3.82595,-1.20535,1
6.79327,-1.46568,1
3.34709,-1.50728,1
1.13347,-5.7686,1
7.99413,-2.65446,1
2.4861,-8.03916,1
8.32708,-6.78003,1
3.67552,-1.5902,1
2.98912,-1.82441,1
1.16594,-4.12916,1
1.15116,-4.43538,1
8.55526,-3.72235,1
5.87988,-8.85411,1
2.72209,-1.90758,1
4.23959,-1.25529,1
6.72907,-8.44,1
1.39671,-5.57234,1
5.25632,-8.98578,1
8.70229,-4.54995,1
2.36554,-2.3169,1
3.80691,-1.3391,1
8.96406,-5.06053,1
5.67854,-8.81715,1
1.98757,-2.88316,1
8.48419,-6.14889,1
1.51281,-6.14943,1
7.99747,-2.60457,1
8.27924,-2.76522,1
5.22206,-8.82974,1
1.55848,-6.67788,1
2.69828,-2.03647,1
4.43475,-1.15056,1
5.7661,-1.18086,1
4.87218,-1.33864,1
3.41562,-1.74434,1
1.7015,-2.90661,1
2.11087,-2.66012,1
8.06241,-7.02867,1
3.18904,-1.81388,1
1.19923,-4.54551,1
8.36345,-3.525,1
8.29444,-3.35097,1
2.78779,-1.69071,1
2.28035,-2.19956,1
8.88407,-5.36724,1
8.80982,-5.31106,1
8.25803,-7.2648,1
3.31527,-8.22035,1
5.35721,-1.3593,1
2.21718,-7.82426,1
3.4257,-8.30745,1
8.27469,-7.28076,1
8.33586,-3.28202,1
7.70584,-7.89831,1
2.78967,-1.94452,1
6.53625,-1.32868,1
8.77654,-4.76698,1
1.37776,-4.03701,1
5.49909,-8.81993,1
1.60369,-6.81444,1
8.4891,-3.74267,1
7.04409,-1.99699,1
1.97114,-7.07855,1
1.27443,-4.62845,1
1.59532,-3.395,1
8.34872,-3.13648,1
4.71514,-8.6805,1
4.08727,-1.18079,1
8.65185,-4.32744,1
1.21201,-5.72802,1
1.17256,-4.76369,1
2.28558,-2.33623,1
4.18914,-1.13077,1
4.88789,-1.19292,1
6.58098,-1.39473,1
2.16294,-7.42241,1
8.0584,-2.52829,1
4.82315,-1.37193,1
8.57748,-6.22735,1
3.63174,-1.2825,1
6.58867,-8.25344,1
1.44951,-6.09218,1
1.00263,-4.85627,1
4.63564,-8.83038,1
6.60239,-1.58723,1
5.2968,-8.61765,1
6.22543,-1.24696,1
5.79992,-8.72411,1
5.72801,-1.30079,1
7.59528,-2.09876,1
7.28257,-1.9182,1
8.78791,-5.67622,1
1.65817,-3.21814,1
2.18371,-2.38656,1
8.18544,-3.2547,1
4.14629,-1.31734,1
1.41335,-5.85658,1
3.91214,-8.59981,1
4.86459,-8.8965,1
4.46235,-1.33117,1
4.3029,-1.20461,1
2.20085,-2.30705,1
2.05822,-7.48326,1
6.41058,-1.30122,1
8.51243,-3.55435,1
1.7072,-3.10478,1
1.49538,-3.11773,1
8.8208,-4.85568,1
1.54915,-3.41345,1
6.5429,-1.40572,1
6.11456,-8.59817,1
5.90889,-1.2621,1
8.91739,-5.38814,1
8.37348,-2.94119,1
8.02003,-7.35994,1
8.63139,-4.24847,1
8.06193,-7.0661,1
4.50522,-8.76193,1
6.09741,-8.79213,1
8.04049,-7.5399,1
3.39095,-8.34262,1
4.79415,-8.74186,1
1.76078,-6.60104,1
8.33611,-7.0303,1
8.02145,-7.41883,1
2.60941,-7.71037,1
8.87552,-5.09175,1
2.22432,-7.82567,1
1.98492,-7.52671,1
3.78073,-1.31329,1
2.7673,-2.05797,1
1.23059,-5.48012,1
1.28401,-3.58031,1
1.79383,-3.13763,1
8.79317,-5.16449,1
1.62244,-3.58801,1
1.30432,-6.3322,1
6.02123,-1.21144,1
7.10692,-2.05424,1
2.41361,-2.37388,1
6.16692,-8.6466,1
4.54759,-8.71428,1
1.25821,-5.30899,1
3.20953,-1.45914,1
7.10418,-8.04411,1
8.71988,-4.96965,1
5.11116,-8.75321,1
4.75413,-1.38198,1
4.14867,-1.22604,1
1.96779,-7.40424,1
8.63619,-3.55259,1
8.29254,-3.28688,1
5.39152,-8.73527,1
5.08259,-8.98386,1
8.20329,-7.27022,1
2.42044,-7.68464,1
7.71633,-7.57153,1
1.37145,-6.09702,1
8.51415,-6.61676,1
3.60506,-1.67911,1
1.01643,-4.86278,1
7.92701,-2.82221,1
1.16258,-4.5164,1
8.66463,-5.64418,1
3.01483,-1.78616,1
8.68412,-6.03631,1
1.20397,-4.93982,1
8.46797,-6.77627,1
8.56841,-6.79797,1
4.3115,-8.6165,1
8.0805,-7.02782,1
8.30302,-3.07424,1
3.42188,-8.44267,1
8.02148,-7.00509,1
1.3801,-4.66849,1
8.68998,-3.50313,1
8.37992,-6.76655,1
5.83419,-8.83406,1
6.82,-8.21512,1
8.47818,-3.1515,1
8.67084,-5.26759,1
7.69238,-2.08639,1
6.00457,-1.1807,1
3.92494,-1.51829,1
7.11417,-8.13381,1
8.6089,-6.19279,1
3.62888,-1.40553,1
1.26778,-4.3855,1
8.73939,-5.13155,1
6.84182,-1.5933,1
5.08543,-1.13876,1
4.47427,-8.86111,1
5.19206,-1.00545,1
1.7398,-7.24578,1
5.80369,-1.38461,1
8.79516,-3.77401,1
1.15927,-4.17948,1
2.77408,-7.98814,1
3.17105,-8.11591,1
3.80499,-1.54111,1
6.43968,-8.30047,1
3.87407,-8.44989,1
3.587,-1.28551,1
5.32105,-1.06473,1
1.11451,-4.39324,1
6.15926,-1.40021,1
8.32756,-6.73402,1
3.49846,-1.34328,1
8.79741,-5.9687,1
5.83943,-8.69656,1
1.00261,-5.12519,1
4.89552,-1.04577,1
8.37344,-3.61526,1
4.30103,-8.57658,1
7.10122,-1.77762,1
3.51137,-8.39701,1
1.94141,-2.74145,1
1.18439,-6.01767,1
4.74652,-1.16505,1
1.64294,-3.048,1
2.99342,-1.59641,1
7.48866,-2.15475,1
1.72482,-2.94407,1
3.36136,-1.54028,1
8.60749,-5.87714,1
1.77906,-3.29302,1
5.33774,-8.6791,1
1.85049,-2.80868,1
6.61334,-1.67588,1
1.4581,-5.71476,1
8.01002,-7.62319,1
8.7342,-4.29865,1
5.35152,-1.05864,1
3.9421,-1.17756,1
1.30487,-5.09001,1
4.23392,-8.55881,1
2.1996,-7.34577,1
4.71609,-8.70156,1
8.51468,-5.83839,1
2.42408,-2.4314,1
1.41052,-5.36271,1
4.0002,-8.66532,1
2.01539,-7.4175,1
8.75318,-5.28432,1
1.82239,-3.02237,1
8.9736,-4.68846,1
8.66746,-5.91923,1
8.88747,-4.21389,1
1.08354,-4.88443,1
3.43037,-1.69646,1
1.459,-6.58482,1
3.72457,-1.22433,1
6.74472,-1.48026,1
6.88998,-8.10322,1
6.74947,-1.70276,1
1.41301,-3.46352,1
7.04933,-1.92029,1
1.2035,-4.81903,1
8.96499,-5.46589,1
6.54195,-1.48646,1
7.63192,-2.3787,1
4.97407,-8.81003,1
1.66101,-3.37223,1
8.63711,-4.0535,1
7.35313,-7.87063,1
7.71809,-2.13705,1
7.95889,-2.85397,1
2.38411,-2.19322,1
3.55986,-1.39097,1
5.91982,-1.50133,1
1.28917,-4.98009,1
7.3341,-7.8302,1
5.30966,-8.59633,1
1.55707,-6.31439,1
5.84177,-1.45101,1
2.74361,-8.20266,1
1.97331,-2.57993,1
1.19683,-4.88012,1
8.83264,-5.83975,1
4.86079,-8.64184,1
7.7768,-7.366,1
1.08212,-4.76681,1
2.67556,-7.83155,1
3.98825,-1.49177,1
7.85486,-7.28546,1
2.43268,-1.93822,1
5.91984,-1.21745,1
5.75133,-1.45965,1
7.06418,-8.32679,1
6.00551,-1.31665,1
1.11444,-5.58442,1
1.71794,-6.50993,1
7.56544,-7.62039,1
7.26827,-2.15099,1
8.48844,-6.81636,1
5.51049,-1.14907,1
3.12535,-8.32546,1
1.37525,-6.22802,1
5.61521,-1.23837,1
5.12448,-8.85688,1
1.87784,-7.21992,1
1.15061,-5.76454,1
2.4455,-2.43044,1
1.31574,-6.37878,1
1.18731,-4.88341,1
4.4933,-1.11535,1
8.50846,-6.28342,1
1.22913,-5.96419,1
8.03648,-2.82163,1
7.51484,-2.13248,1
2.79264,-8.07126,1
4.73989,-8.61042,1
8.36967,-3.01749,1
3.00779,-8.13051,1
4.03823,-1.4272,1
4.45473,-1.27904,1
7.19461,-8.262,1
2.08706,-2.7979,1
3.91828,-1.48771,1
7.72377,-2.60726,1
2.80645,-8.0767,1
1.28964,-5.07395,1
2.8745,-8.35376,1
6.34347,-1.29009,1
7.80251,-7.28662,1
3.55843,-1.54033,1
7.65922,-7.50771,1
5.83515,-8.56655,1
8.77273,-4.71868,1
2.73075,-8.2097,1
5.51433,-8.70243,1
8.92216,-5.27411,1
1.21017,-4.68795,1
7.8485,-2.2333,1
2.39124,-2.42592,1
6.03126,-8.58192,1
3.67129,-8.68319,1
1.97827,-7.19015,1
6.63198,-8.3393,1
8.70995,-3.89997,1
8.88462,-4.15122,1
3.67273,-8.4334,1
2.51992,-7.70156,1
1.45473,-6.29359,1
7.66586,-7.9323,1
3.30573,-8.6057,1
6.6895,-1.60012,1
7.04373,-8.0295,1
6.89807,-8.14316,1
6.32919,-1.23781,1
1.32347,-4.37872,1
4.84271,-8.61621,1
2.58547,-1.96359,1
6.77898,-1.7572,1
2.81074,-7.92897,1
8.72409,-6.15891,1
1.30352,-3.70471,1
1.46951,-5.92476,1
6.9508,-1.83696,1
1.86952,-2.96957,1
2.98055,-1.94418,1
4.08584,-1.31612,1
3.86782,-1.57544,1
1.15059,-6.02938,1
1.53914,-3.63693,1
8.52528,-3.57217,1
6.48578,-1.55785,1
2.69936,-7.82432,1
8.71282,-3.68534,1
7.63017,-7.75957,1
3.30433,-8.18599,1
6.50297,-8.53936,1
4.51233,-1.34662,1
2.83311,-7.92446,1
5.04642,-8.82785,1
4.46382,-8.59202,1
4.79223,-1.0101,1
7.21593,-1.78223,1
8.63857,-3.57243,1
8.43293,-3.69966,1
3.79596,-1.29478,1
6.54098,-1.68611,1
2.31651,-2.40272,1
8.78989,-4.37583,1
1.03215,-4.65031,1
8.39799,-7.02046,1
1.68623,-3.51898,1
8.43487,-3.11435,1
1.24395,-4.89725,1
6.30158,-1.32016,1
8.65613,-4.45332,1
1.05642,-4.70657,1
4.64405,-7.40073,2
5.98875,-7.02524,2
7.08388,-6.25388,2
7.36749,-4.64313,2
3.61147,-6.96199,2
4.79578,-7.25817,2
6.91208,-3.74031,2
2.73781,-5.70322,2
3.33116,-3.19343,2
7.30709,-4.79793,2
6.25793,-2.97993,2
4.72052,-7.27724,2
4.84189,-7.4097,2
5.65644,-7.20007,2
2.72894,-4.64231,2
6.70782,-6.695,2
5.82721,-7.10094,2
4.84427,-7.39179,2
7.11066,-6.18541,2
4.01483,-2.83322,2
5.5502,-2.79932,2
4.36293,-7.24606,2
6.74133,-3.4901,2
6.00953,-2.90383,2
4.09337,-2.77904,2
2.67325,-5.72863,2
3.96965,-7.11927,2
6.43738,-7.03411,2
2.77121,-4.21949,2
3.06249,-3.67353,2
5.70312,-2.60851,2
7.07033,-3.96667,2
7.32346,-4.6483,2
6.88693,-6.29365,2
6.20915,-2.84056,2
6.83058,-3.5066,2
3.9518,-7.07872,2
5.03227,-2.64883,2
6.10626,-7.16391,2
6.0899,-7.10744,2
6.0295,-7.20976,2
6.60538,-3.38883,2
6.21574,-7.03357,2
2.76549,-5.38987,2
3.48206,-6.93466,2
5.50263,-7.23395,2
3.06726,-3.54646,2
3.45403,-3.05564,2
3.87827,-2.90309,2
2.79829,-4.1729,2
7.02393,-3.74819,2
6.21306,-7.17188,2
7.26122,-5.69193,2
5.68708,-7.30586,2
5.80966,-7.10462,2
2.87326,-4.04417,2
7.40795,-4.63808,2
2.78401,-4.17207,2
3.5644,-3.12054,2
2.64922,-4.5917,2
3.13597,-3.66988,2
6.56433,-3.35285,2
7.05992,-3.85672,2
3.78878,-6.91662,2
7.34101,-4.62282,2
6.44988,-6.82084,2
7.11869,-6.17338,2
4.52711,-2.79638,2
6.47873,-6.93324,2
2.99422,-6.18346,2
5.62847,-7.34275,2
5.24616,-2.76319,2
3.48267,-6.70658,2
2.57365,-4.74749,2
3.89379,-7.05055,2
2.65846,-4.2047,2
3.03781,-3.53375,2
3.27831,-6.48212,2
7.22105,-5.79001,2
6.12738,-7.05172,2
4.21656,-7.2859,2
2.61528,-5.0214,2
5.95568,-2.94951,2
4.72825,-7.30911,2
5.53654,-7.32251,2
2.77299,-4.40709,2
6.24966,-6.90738,2
2.97487,-6.29111,2
7.08181,-6.08764,2
3.24915,-6.46746,2
6.3558,-3.12325,2
2.99778,-6.23202,2
3.72893,-2.90146,2
6.20801,-6.92269,2
2.71198,-4.7209,2
6.31303,-6.96478,2
2.97369,-6.17878,2
5.98428,-7.19537,2
3.67959,-7.07213,2
2.77389,-4.28881,2
2.79351,-4.45939,2
2.59507,-4.63359,2
3.60404,-6.91773,2
4.02795,-7.20341,2
7.35822,-5.46027,2
3.06591,-6.26793,2
5.97056,-2.76306,2
4.79337,-2.75376,2
6.22818,-3.06082,2
2.81315,-4.3402,2
4.22876,-7.23584,2
7.20053,-5.68851,2
6.65993,-6.56461,2
2.79888,-4.15886,2
5.98458,-7.15652,2
4.93083,-7.47569,2
6.20617,-2.86405,2
3.74862,-6.99525,2
2.7152,-5.59671,2
3.7739,-7.1197,2
6.87132,-3.64713,2
2.70778,-5.39638,2
4.78298,-7.47073,2
7.1209,-4.03851,2
7.22144,-4.27999,2
6.16363,-2.86228,2
7.31067,-4.52526,2
4.86865,-2.59671,2
6.55125,-3.12591,2
2.63429,-5.46331,2
2.64474,-4.91667,2
3.53323,-6.95666,2
7.04341,-6.38439,2
3.95563,-2.76123,2
7.00475,-6.11059,2
7.47249,-4.84683,2
4.70889,-2.66607,2
5.22357,-7.42357,2
3.13462,-6.36204,2
3.14652,-6.44448,2
2.74646,-5.20393,2
6.92085,-6.20479,2
5.63886,-2.69646,2
2.60491,-4.30776,2
6.56196,-3.21447,2
4.43817,-2.61952,2
7.27732,-5.00271,2
4.43998,-7.19064,2
6.08836,-2.95124,2
4.30908,-7.22225,2
2.53198,-5.02765,2
2.77242,-3.86674,2
2.62805,-5.33486,2
6.21895,-3.07921,2
6.42839,-3.01651,2
4.04249,-2.83407,2
5.36488,-2.53087,2
5.69154,-7.35788,2
6.17676,-7.20539,2
5.50053,-2.64521,2
6.87966,-3.61605,2
5.09386,-2.51652,2
7.26102,-3.98355,2
3.02962,-6.16366,2
7.34332,-5.8711,2
4.82402,-2.63192,2
4.41258,-2.78679,2
5.71951,-7.21771,2
6.58159,-3.22214,2
5.24499,-7.44431,2
3.41981,-3.22827,2
7.42103,-4.66788,2
7.08239,-6.27404,2
6.90061,-6.51474,2
4.22665,-2.74388,2
3.54417,-3.14518,2
2.77003,-4.17994,2
4.14066,-2.85663,2
2.66382,-4.16705,2
4.30968,-7.27074,2
2.77974,-5.87226,2
4.35043,-7.30522,2
5.2786,-2.60914,2
5.18905,-2.58539,2
7.26898,-5.21391,2
5.75847,-7.35279,2
2.72566,-4.77243,2
3.14592,-6.4386,2
5.12451,-7.30417,2
5.41485,-2.60896,2
2.74799,-4.48926,2
4.44353,-2.63232,2
3.08672,-6.53891,2
7.27377,-4.74412,2
3.97318,-2.82259,2
2.81169,-3.96266,2
2.60699,-4.36646,2
7.16284,-4.19405,2
7.14488,-5.92461,2
2.55338,-5.40724,2
4.57296,-7.29885,2
5.86109,-2.7215,2
7.36007,-4.33285,2
3.48973,-3.06809,2
6.39334,-7.06056,2
6.77119,-6.5528,2
7.25863,-4.27084,2
6.29808,-3.15261,2
6.2205,-7.03845,2
6.01815,-2.97442,2
7.4106,-4.96379,2
3.49784,-6.76205,2
7.17968,-6.12007,2
6.79322,-6.36455,2
6.58932,-3.35078,2
6.65536,-3.39209,2
3.36536,-3.41725,2
3.99489,-2.83211,2
5.75015,-7.17053,2
4.92787,-7.36977,2
2.65608,-4.19431,2
4.68005,-7.47016,2
5.00194,-7.46345,2
5.09027,-2.75026,2
6.82939,-3.45797,2
3.07232,-3.4413,2
7.01993,-6.09969,2
7.46802,-4.9999,2
7.34871,-5.21431,2
3.19162,-3.52437,2
6.96695,-6.3904,2
4.43671,-7.2072,2
4.62026,-7.26645,2
3.71887,-6.902,2
7.25349,-5.51872,2
6.18176,-3.07783,2
5.85692,-2.7461,2
5.53116,-2.75511,2
2.83399,-4.147,2
7.39692,-4.97691,2
4.57801,-7.355,2
3.1608,-6.35284,2
2.82494,-6.16992,2
4.93172,-2.56337,2
4.73271,-7.33194,2
2.93575,-3.81081,2
6.76007,-3.43436,2
7.42099,-5.37722,2
7.0269,-3.86628,2
7.00653,-6.24493,2
4.51522,-2.67531,2
6.26388,-2.98903,2
6.55036,-3.13356,2
4.43968,-7.24718,2
5.37828,-7.32812,2
7.19406,-4.49207,2
7.26216,-4.93338,2
6.70366,-6.66967,2
2.68697,-5.09726,2
2.84996,-5.69843,2
7.12092,-3.74964,2
6.53496,-6.91888,2
4.43728,-2.65382,2
5.13225,-7.35376,2
3.55823,-6.87961,2
2.9481,-6.34237,2
3.69685,-7.01206,2
5.07333,-2.52652,2
6.85378,-3.56347,2
2.59115,-5.473,2
2.59715,-4.77091,2
6.04195,-2.88834,2
5.68053,-7.354,2
6.53429,-3.19347,2
7.41506,-5.12492,2
7.41478,-4.81941,2
7.12211,-3.7418,2
3.94614,-7.21736,2
4.09455,-2.85545,2
2.97576,-6.38638,2
7.35499,-4.73943,2
2.93979,-5.9644,2
5.79801,-2.8906,2
4.26622,-2.62834,2
6.1208,-2.79105,2
3.96693,-2.81705,2
2.58342,-5.48038,2
6.87133,-3.53404,2
3.42882,-6.89948,2
7.07942,-6.11252,2
4.1722,-2.86888,2
3.7432,-3.01526,2
2.60371,-4.45573,2
2.59448,-4.64711,2
7.22204,-4.20147,2
5.54993,-7.40882,2
3.5763,-3.06724,2
4.52474,-2.65956,2
6.08067,-7.15,2
2.74794,-5.35771,2
5.1602,-7.49111,2
7.31393,-4.71872,2
3.35346,-3.32306,2
4.25432,-2.71194,2
7.47754,-5.03783,2
5.42409,-7.38572,2
3.11723,-3.67697,2
7.17762,-5.71806,2
2.82051,-5.71839,2
6.87342,-3.50286,2
7.04953,-3.60326,2
5.13879,-7.39359,2
2.84905,-6.04868,2
3.56142,-3.14779,2
4.64672,-2.5941,2
5.47881,-2.61304,2
4.92011,-2.71165,2
4.00976,-2.96521,2
2.93844,-3.69163,2
3.19429,-3.53757,2
6.91401,-6.26792,2
3.86815,-3.00868,2
2.62452,-4.71595,2
7.10216,-4.07812,2
7.05902,-3.96936,2
3.61737,-2.93169,2
3.30022,-3.24972,2
7.42755,-5.22952,2
7.38114,-5.19441,2
7.03627,-6.4155,2
3.94705,-7.01272,2
5.22326,-2.72456,2
3.26074,-6.76516,2
4.01606,-7.06716,2
7.04668,-6.42547,2
7.08491,-3.92626,2
6.69115,-6.81144,2
3.61855,-3.09032,2
5.96015,-2.70543,2
7.36033,-4.85436,2
2.7361,-4.39813,2
5.31193,-7.38745,2
2.87731,-6.13402,2
7.18069,-4.21417,2
6.27756,-3.12312,2
3.10696,-6.29909,2
2.67152,-4.76778,2
2.87208,-3.99688,2
7.09295,-3.8353,2
4.82196,-7.30031,2
4.42955,-2.61299,2
7.28241,-4.57965,2
2.63251,-5.45501,2
2.60785,-4.8523,2
3.30348,-3.33514,2
4.49321,-2.58173,2
4.92993,-2.62058,2
5.98812,-2.74671,2
3.22684,-6.514,2
6.9115,-3.45518,2
4.88947,-2.73246,2
7.23593,-5.76709,2
4.14484,-2.67656,2
5.99292,-7.0334,2
2.78094,-5.68261,2
2.50164,-4.91017,2
4.77227,-7.39399,2
6.0015,-2.86702,2
5.1855,-7.26103,2
5.76589,-2.65435,2
5.49995,-7.32757,2
5.45501,-2.68799,2
6.62205,-3.18673,2
6.4266,-3.07388,2
7.36744,-5.42264,2
2.91135,-3.88634,2
3.23982,-3.3666,2
6.9909,-3.90919,2
4.46643,-2.69833,2
2.75834,-5.53536,2
4.32009,-7.24988,2
4.91537,-7.43531,2
4.66397,-2.70698,2
4.56431,-2.62788,2
3.25053,-3.31691,2
3.16139,-6.55204,2
5.88162,-2.68827,2
7.19527,-4.09647,2
2.942,-3.81549,2
2.80961,-3.82358,2
7.388,-4.9098,2
2.84322,-4.0084,2
5.96432,-2.75357,2
5.6966,-7.24886,2
5.56806,-2.66381,2
7.44837,-5.24259,2
7.10842,-3.71324,2
6.88752,-6.47496,2
7.26962,-4.53029,2
6.91371,-6.29131,2
4.69076,-7.3512,2
5.68588,-7.37008,2
6.9003,-6.58744,2
3.99434,-7.08914,2
4.87134,-7.33866,2
4.85762,-5.96029,3
5.3955,-5.8101,3
5.83355,-5.50155,3
5.94699,-4.85725,3
4.44459,-5.7848,3
4.91831,-5.90327,3
5.76483,-4.49612,3
4.09512,-5.28129,3
4.33246,-4.27737,3
5.92283,-4.91917,3
5.50317,-4.19197,3
4.88821,-5.9109,3
4.93675,-5.96388,3
5.26258,-5.88003,3
4.09158,-4.85692,3
5.68313,-5.678,3
5.33088,-5.84038,3
4.93771,-5.95671,3
5.84426,-5.47416,3
4.60593,-4.13329,3
5.22008,-4.11973,3
4.74517,-5.89842,3
5.69653,-4.39604,3
5.40381,-4.16153,3
4.63735,-4.11162,3
4.0693,-5.29145,3
4.58786,-5.84771,3
5.57495,-5.81364,3
4.10849,-4.6878,3
4.225,-4.46941,3
5.28125,-4.0434,3
5.82813,-4.58667,3
5.92938,-4.85932,3
5.75477,-5.51746,3
5.48366,-4.13622,3
5.73223,-4.40264,3
4.58072,-5.83149,3
5.01291,-4.05953,3
5.4425,-5.86557,3
5.43596,-5.84297,3
5.4118,-5.8839,3
5.64215,-4.35553,3
5.4863,-5.81343,3
4.1062,-5.15595,3
4.39283,-5.77387,3
5.20105,-5.89358,3
4.2269,-4.41858,3
4.38161,-4.22226,3
4.55131,-4.16124,3
4.11932,-4.66916,3
5.80957,-4.49928,3
5.48522,-5.86875,3
5.90449,-5.27677,3
5.27483,-5.92234,3
5.32386,-5.84185,3
4.14931,-4.61767,3
5.96318,-4.85523,3
4.1136,-4.66883,3
4.42576,-4.24822,3
4.05969,-4.83668,3
4.25439,-4.46795,3
5.62573,-4.34114,3
5.82397,-4.54269,3
4.51551,-5.76665,3
5.9364,-4.84913,3
5.57995,-5.72834,3
5.84748,-5.46935,3
4.81085,-4.11855,3
5.59149,-5.7733,3
4.19769,-5.47338,3
5.25139,-5.9371,3
5.09846,-4.10527,3
4.39307,-5.68263,3
4.02946,-4.899,3
4.55752,-5.82022,3
4.06339,-4.68188,3
4.21512,-4.4135,3
4.31132,-5.59285,3
5.88842,-5.316,3
5.45095,-5.82069,3
4.68662,-5.91436,3
4.04611,-5.00856,3
5.38227,-4.1798,3
4.8913,-5.92364,3
5.21462,-5.929,3
4.10919,-4.76283,3
5.49987,-5.76295,3
4.18995,-5.51644,3
5.83272,-5.43506,3
4.29966,-5.58699,3
5.54232,-4.2493,3
4.19911,-5.49281,3
4.49157,-4.16058,3
5.48321,-5.76908,3
4.08479,-4.88836,3
5.52521,-5.78591,3
4.18948,-5.47151,3
5.39371,-5.87815,3
4.47184,-5.82885,3
4.10955,-4.71552,3
4.1174,-4.78376,3
4.03803,-4.85343,3
4.44162,-5.76709,3
4.61118,-5.88136,3
5.94329,-5.18411,3
4.22636,-5.50717,3
5.38822,-4.10523,3
4.91735,-4.10151,3
5.49127,-4.22433,3
4.12526,-4.73608,3
4.6915,-5.89434,3
5.88021,-5.2754,3
5.66397,-5.62584,3
4.11955,-4.66354,3
5.39383,-5.86261,3
4.97233,-5.99028,3
5.48247,-4.14562,3
4.49945,-5.7981,3
4.08608,-5.23868,3
4.50956,-5.84788,3
5.74853,-4.45885,3
4.08311,-5.15855,3
4.91319,-5.98829,3
5.84836,-4.6154,3
5.88858,-4.712,3
5.46545,-4.14491,3
5.92427,-4.8101,3
4.94746,-4.03869,3
5.6205,-4.25036,3
4.05372,-5.18532,3
4.05789,-4.96667,3
4.41329,-5.78266,3
5.81736,-5.55376,3
4.58225,-4.10449,3
5.8019,-5.44423,3
5.989,-4.93873,3
4.88356,-4.06643,3
5.08943,-5.96943,3
4.25385,-5.54482,3
4.25861,-5.57779,3
4.09859,-5.08157,3
5.76834,-5.48192,3
5.25554,-4.07858,3
4.04196,-4.7231,3
5.62478,-4.28579,3
4.77527,-4.04781,3
5.91093,-5.00108,3
4.77599,-5.87625,3
5.43534,-4.1805,3
4.72363,-5.8889,3
4.01279,-5.01106,3
4.10897,-4.5467,3
4.05122,-5.13394,3
5.48758,-4.23168,3
5.57136,-4.2066,3
4.617,-4.13363,3
5.14595,-4.01235,3
5.27661,-5.94315,3
5.4707,-5.88216,3
5.20021,-4.05809,3
5.75186,-4.44642,3
5.03754,-4.00661,3
5.90441,-4.59342,3
4.21185,-5.46546,3
5.93733,-5.34844,3
4.92961,-4.05277,3
4.76503,-4.11472,3
5.2878,-5.88708,3
5.63264,-4.28886,3
5.098,-5.97773,3
4.36792,-4.29131,3
5.96841,-4.86715,3
5.83296,-5.50962,3
5.76024,-5.6059,3
4.69066,-4.09755,3
4.41767,-4.25807,3
4.10801,-4.67198,3
4.65627,-4.14265,3
4.06553,-4.66682,3
4.72387,-5.9083,3
4.1119,-5.3489,3
4.74017,-5.92209,3
5.11144,-4.04366,3
5.07562,-4.03416,3
5.90759,-5.08557,3
5.30339,-5.94112,3
4.09027,-4.90897,3
4.25837,-5.57544,3
5.04981,-5.92167,3
5.16594,-4.04358,3
4.0992,-4.7957,3
4.77741,-4.05293,3
4.23469,-5.61556,3
5.90951,-4.89765,3
4.58927,-4.12903,3
4.12468,-4.58507,3
4.04279,-4.74658,3
5.86513,-4.67762,3
5.85795,-5.36984,3
4.02135,-5.16289,3
4.82918,-5.91954,3
5.34443,-4.0886,3
5.94403,-4.73314,3
4.39589,-4.22724,3
5.55734,-5.82422,3
5.70848,-5.62112,3
5.90345,-4.70834,3
5.51923,-4.26105,3
5.4882,-5.81538,3
5.40726,-4.18977,3
5.96424,-4.98552,3
4.39914,-5.70482,3
5.87187,-5.44803,3
5.71729,-5.54582,3
5.63573,-4.34031,3
5.66214,-4.35683,3
4.34614,-4.3669,3
4.59796,-4.13284,3
5.30006,-5.86821,3
4.97115,-5.94791,3
4.06243,-4.67773,3
4.87202,-5.98807,3
5.00077,-5.98538,3
5.03611,-4.1001,3
5.73176,-4.38319,3
4.22893,-4.37652,3
5.80797,-5.43988,3
5.98721,-4.99996,3
5.93948,-5.08573,3
4.27665,-4.40975,3
5.78678,-5.55616,3
4.77468,-5.88288,3
4.8481,-5.90658,3
4.48755,-5.7608,3
5.9014,-5.20749,3
5.47271,-4.23113,3
5.34277,-4.09844,3
5.21246,-4.10204,3
4.1336,-4.6588,3
5.95877,-4.99077,3
4.8312,-5.942,3
4.26432,-5.54114,3
4.12998,-5.46797,3
4.97269,-4.02535,3
4.89308,-5.93278,3
4.1743,-4.52432,3
5.70403,-4.37375,3
5.9684,-5.15089,3
5.81076,-4.54651,3
5.80261,-5.49797,3
4.80609,-4.07012,3
5.50555,-4.19561,3
5.62014,-4.25342,3
4.77587,-5.89887,3
5.15131,-5.93125,3
5.87762,-4.79683,3
5.90486,-4.97335,3
5.68146,-5.66787,3
4.07479,-5.03891,3
4.13998,-5.27937,3
5.84837,-4.49985,3
5.61398,-5.76755,3
4.77491,-4.06153,3
5.0529,-5.94151,3
4.42329,-5.75184,3
4.17924,-5.53695,3
4.47874,-5.80482,3
5.02933,-4.01061,3
5.74151,-4.42539,3
4.03646,-5.1892,3